filename,object_name,color,shape,size
yellow_square_small.png,Yellow Square,yellow,square,small
cyan_hexagon_medium.png,Cyan Hexagon,cyan,hexagon,medium
black_circle_tiny.png,Black Circle,black,circle,tiny
purple_rectangle_large.png,Purple Rectangle,purple,rectangle,large
orange_triangle_small.png,Orange Triangle,orange,triangle,small
pink_hexagon_medium.png,Pink Hexagon,pink,hexagon,medium
white_square_small.png,White Square,white,square,small
blue_triangle_large.png,Blue Triangle,blue,triangle,large
red_hexagon_medium.png,Red Hexagon,red,hexagon,medium
green_circle_large.png,Green Circle,green,circle,large
